"Number of Registered Live Births by Sex and by Usual Residence of Mother (Region, Province and Highly Urbanized City), Philippines: January - December 2013-2022",,,,,,,,,,,,,,,,,,,,,,,,,,,,,,
,,,,,,,,,,,,,,,,,,,,,,,,,,,,,,
,2013,,,2014,,,2015,,,2016,,,2017,,,2018,,,2019,,,2020,,,2021,,,2022,,
,Both Sexes,Male,Female,Both Sexes,Male,Female,Both Sexes,Male,Female,Both Sexes,Male,Female,Both Sexes,Male,Female,Both Sexes,Male,Female,Both Sexes,Male,Female,Both Sexes,Male,Female,Both Sexes,Male,Female,Both Sexes,Male,Female
TOTAL,1761602,917110,844492,1748857,912465,836392,1744767,910877,833890,1731289,903694,827595,1700618,887972,812646,1668120,870832,797288,1673923,871750,802173,1528684,796543,732141,1364739,711434,653305,1455393,758038,697355
NATIONAL CAPITAL REGION (NCR),243626,127121,116505,239736,124691,115045,231766,121196,110570,219936,114535,105401,217480,113263,104217,216871,113301,103570,218490,113875,104615,198981,103482,95499,160946,83552,77394,160132,83122,77010
..City of Caloocan,31203,16269,14934,31014,16308,14706,30274,15918,14356,28225,14851,13374,27531,14253,13278,27350,14313,13037,26739,13972,12767,26524,13788,12736,21597,11255,10342,21373,11045,10328
..City of Las Piñas,11040,5743,5297,11268,5885,5383,10933,5672,5261,10238,5311,4927,10093,5255,4838,9802,5142,4660,9751,5042,4709,8743,4520,4223,7162,3725,3437,7261,3862,3399
..City of Makati,9599,5011,4588,9473,4944,4529,9374,4955,4419,8645,4568,4077,8108,4194,3914,7868,4178,3690,8014,4234,3780,7223,3775,3448,5370,2854,2516,5398,2716,2682
..City of Malabon,6456,3400,3056,6438,3283,3155,5965,3146,2819,5867,3082,2785,5721,3006,2715,5906,3061,2845,6025,3172,2853,5787,2998,2789,4664,2368,2296,5073,2619,2454
..City of Mandaluyong,7267,3851,3416,7252,3707,3545,6970,3619,3351,6606,3480,3126,6531,3404,3127,6481,3412,3069,6495,3408,3087,5773,2994,2779,4508,2380,2128,4392,2229,2163
..City of Manila,37834,19704,18130,35711,18467,17244,33108,17329,15779,32182,16749,15433,31536,16509,15027,31797,16586,15211,32055,16727,15328,27375,14344,13031,22454,11582,10872,23147,12136,11011
..City of Marikina,8121,4276,3845,8094,4216,3878,8147,4162,3985,7845,4068,3777,7467,3962,3505,7762,3999,3763,7737,3989,3748,7027,3695,3332,5653,2970,2683,5296,2712,2584
..City of Muntinlupa,8682,4542,4140,8727,4468,4259,8270,4312,3958,7391,3836,3555,7493,3915,3578,7894,4109,3785,8171,4256,3915,7093,3677,3416,5659,2943,2716,5876,3038,2838
..City of Navotas,4781,2522,2259,4583,2396,2187,4138,2167,1971,4130,2130,2000,4284,2245,2039,4179,2174,2005,4292,2202,2090,3817,1983,1834,3514,1806,1708,3564,1857,1707
..City of Parañaque,11963,6173,5790,11568,5926,5642,11529,6103,5426,10881,5605,5276,10924,5652,5272,11172,5866,5306,10939,5761,5178,9613,5053,4560,7968,4225,3743,8080,4226,3854
..Pasay City,7325,3806,3519,6918,3577,3341,6465,3372,3093,6423,3358,3065,6511,3416,3095,6415,3334,3081,6587,3503,3084,5534,2793,2741,4505,2350,2155,4773,2505,2268
..City of Pasig,15588,8156,7432,15267,8002,7265,14946,7791,7155,14150,7372,6778,14081,7258,6823,13747,7194,6553,14291,7405,6886,13160,6813,6347,10412,5410,5002,10369,5395,4974
..Quezon City,54399,28367,26032,54176,28176,26000,52733,27526,25207,49385,25583,23802,48899,25541,23358,47404,24901,22503,48459,25181,23278,44445,23089,21356,35045,18060,16985,33630,17376,16254
..City of San Juan,1853,993,860,1722,901,821,1733,918,815,1671,911,760,1613,824,789,1682,890,792,1713,913,800,1519,797,722,1146,597,549,1142,597,545
..City of Taguig,14743,7599,7144,14920,7813,7107,14900,7773,7127,14572,7572,7000,14637,7521,7116,14938,7762,7176,15036,7777,7259,13894,7263,6631,12067,6235,5832,11551,6010,5541
..City of Valenzuela,11762,6191,5571,11632,6115,5517,11300,5935,5365,10829,5609,5220,11164,5849,5315,11532,5900,5632,11290,5883,5407,10584,5466,5118,8508,4397,4111,8515,4448,4067
..Pateros,1010,518,492,973,507,466,981,498,483,896,450,446,887,459,428,942,480,462,896,450,446,870,434,436,714,395,319,692,351,341
CORDILLERA ADMINISTRATIVE REGION (CAR),33329,17513,15816,32263,16818,15445,30873,16088,14785,29285,15106,14179,28297,14780,13517,29123,15228,13895,28442,14780,13662,26239,13570,12669,23701,12340,11361,24820,12911,11909
..ABRA,4540,2339,2201,4291,2270,2021,3897,2040,1857,3699,1928,1771,3419,1803,1616,3422,1795,1627,3310,1730,1580,2885,1474,1411,2368,1213,1155,2789,1440,1349
..APAYAO,1939,1013,926,1895,998,897,1913,1045,868,1793,917,876,1798,935,863,1813,960,853,1872,928,944,1646,881,765,1706,871,835,1851,990,861
..BENGUET,8805,4630,4175,8517,4442,4075,8150,4168,3982,7474,3860,3614,7224,3790,3434,7512,3932,3580,7103,3699,3404,6426,3306,3120,5912,3090,2822,5948,3060,2888
..IFUGAO,3848,2029,1819,3806,1952,1854,3678,1898,1780,3653,1858,1795,3645,1916,1729,3616,1895,1721,3573,1857,1716,3375,1781,1594,3263,1694,1569,3327,1750,1577
..KALINGA,3855,2002,1853,3783,1983,1800,3643,1894,1749,3647,1884,1763,3649,1871,1778,3947,2101,1846,3927,2049,1878,3651,1899,1752,3558,1880,1678,3964,2035,1929
..MOUNTAIN PROVINCE,2914,1513,1401,2742,1453,1289,2763,1438,1325,2602,1373,1229,2585,1393,1192,2395,1221,1174,2387,1287,1100,2407,1238,1169,2146,1096,1050,2473,1321,1152
..CITY OF BAGUIO,7428,3987,3441,7229,3720,3509,6829,3605,3224,6417,3286,3131,5977,3072,2905,6418,3324,3094,6270,3230,3040,5849,2991,2858,4748,2496,2252,4468,2315,2153
REGION I (ILOCOS REGION),89948,46731,43217,87883,45821,42062,85871,44774,41097,82206,43004,39202,79842,41790,38052,76899,40409,36490,77276,40729,36547,70617,36921,33696,62597,32710,29887,63240,33109,30131
..ILOCOS NORTE,8811,4658,4153,8580,4514,4066,8457,4412,4045,8286,4225,4061,8342,4433,3909,8174,4263,3911,8084,4197,3887,7353,3833,3520,6530,3458,3072,6660,3412,3248
..ILOCOS SUR,11085,5771,5314,10741,5523,5218,10264,5309,4955,9833,5155,4678,9563,5068,4495,9119,4797,4322,9173,4832,4341,8489,4348,4141,7278,3796,3482,7371,3800,3571
..LA UNION,14042,7367,6675,13315,7008,6307,12531,6587,5944,11872,6259,5613,11212,5871,5341,11034,5782,5252,11185,5881,5304,10408,5384,5024,9075,4740,4335,8905,4628,4277
..PANGASINAN,56010,28935,27075,55247,28776,26471,54619,28466,26153,52215,27365,24850,50725,26418,24307,48572,25567,23005,48834,25819,23015,44367,23356,21011,39714,20716,18998,40304,21269,19035
REGION II (CAGAYAN VALLEY),63620,33107,30513,62320,32521,29799,60511,31516,28995,58490,30701,27789,56636,29586,27050,55635,28929,26706,53844,27927,25917,49956,26042,23914,45648,23875,21773,48798,25213,23585
..BATANES,320,174,146,280,159,121,286,152,134,256,139,117,262,143,119,280,131,149,275,129,146,256,133,123,273,128,145,237,139,98
..CAGAYAN,21852,11409,10443,20973,10920,10053,19860,10423,9437,18811,9939,8872,18182,9497,8685,17704,9181,8523,17167,8884,8283,16042,8350,7692,14410,7574,6836,15504,8107,7397
..ISABELA,28466,14743,13723,28107,14655,13452,27613,14468,13145,27002,14094,12908,26137,13671,12466,25807,13458,12349,24743,12869,11874,22487,11678,10809,20699,10840,9859,22319,11447,10872
..NUEVA VIZCAYA,9363,4905,4458,9380,4902,4478,9196,4656,4540,8982,4715,4267,8697,4515,4182,8485,4440,4045,8258,4284,3974,7871,4146,3725,7224,3749,3475,7528,3903,3625
..QUIRINO,3619,1876,1743,3580,1885,1695,3556,1817,1739,3439,1814,1625,3358,1760,1598,3359,1719,1640,3401,1761,1640,3300,1735,1565,3042,1584,1458,3210,1617,1593
REGION III (CENTRAL LUZON),197294,102609,94685,196409,102831,93578,196217,102803,93414,191245,100455,90790,191394,99847,91547,190592,99480,91112,191021,99403,91618,179603,93738,85865,159984,83117,76867,170318,88675,81643
..AURORA,3926,2028,1898,4055,2170,1885,3741,1936,1805,3792,1976,1816,3936,2017,1919,3787,1963,1824,3745,1955,1790,3601,1882,1719,3360,1772,1588,3185,1700,1485
..BATAAN,14762,7767,6995,14605,7628,6977,15103,7839,7264,14784,7729,7055,14556,7606,6950,14902,7741,7161,15576,8094,7482,13519,7009,6510,11712,6125,5587,12435,6459,5976
..BULACAN,54417,28201,26216,54847,28473,26374,55057,28867,26190,54422,28430,25992,54208,28238,25970,53964,28155,25809,52685,27370,25315,51697,26908,24789,46922,24266,22656,49094,25679,23415
..NUEVA ECIJA,34943,18342,16601,33469,17568,15901,32287,16956,15331,31445,16537,14908,32725,17126,15599,33282,17441,15841,33216,17392,15824,30579,16073,14506,28042,14561,13481,31088,16171,14917
..PAMPANGA,39725,20548,19177,40578,21127,19451,41145,21393,19752,39958,21145,18813,39885,20822,19063,40579,21090,19489,41312,21415,19897,38745,20089,18656,33879,17619,16260,35439,18312,17127
..TARLAC,24875,13061,11814,24660,13215,11445,24629,13117,11512,23301,12325,10976,22900,11969,10931,21999,11448,10551,22462,11694,10768,21215,11152,10063,18956,9905,9051,20433,10668,9765
..ZAMBALES,11998,6204,5794,11791,6187,5604,11991,6317,5674,11504,6044,5460,11230,5868,5362,10348,5527,4821,10125,5304,4821,9571,4997,4574,8320,4315,4005,9295,4802,4493
..CITY OF ANGELES,8032,4078,3954,7839,4114,3725,7710,4020,3690,7642,4005,3637,7763,4041,3722,7814,3992,3822,8026,4146,3880,7118,3750,3368,5999,3109,2890,6428,3343,3085
..CITY OF OLONGAPO,4616,2380,2236,4565,2349,2216,4554,2358,2196,4397,2264,2133,4191,2160,2031,3917,2123,1794,3874,2033,1841,3558,1878,1680,2794,1445,1349,2921,1541,1380
REGION IV-A (CALABARZON),260463,135228,125235,257461,133759,123702,260339,135270,125069,251344,130470,120874,248401,129472,118929,248297,129294,119003,248125,129135,118990,232606,121372,111234,204333,106761,97572,216792,113276,103516
..BATANGAS,47321,24601,22720,46620,24337,22283,46259,24361,21898,44998,23361,21637,43829,22911,20918,44040,22963,21077,43951,22680,21271,40978,21268,19710,36713,19031,17682,37410,19437,17973
..CAVITE,62211,32291,29920,61784,32112,29672,63185,32761,30424,61914,32223,29691,63076,32881,30195,64121,33225,30896,64642,33553,31089,61682,31931,29751,53298,27803,25495,56534,29084,27450
..LAGUNA,57670,29765,27905,56250,29278,26972,56319,29124,27195,53160,27585,25575,52332,27189,25143,52405,27517,24888,52050,27341,24709,49206,26125,23081,41876,22179,19697,44444,23892,20552
..QUEZON,33148,17293,15855,32143,16635,15508,32405,16679,15726,31837,16518,15319,30863,15907,14956,30241,15700,14541,29036,15102,13934,26726,13927,12799,24749,12905,11844,28477,14803,13674
..RIZAL,55175,28715,26460,55983,28976,27007,57331,29893,27438,54454,28195,26259,53258,27872,25386,52446,27298,25148,53401,27815,25586,49574,25825,23749,43648,22699,20949,45622,23764,21858
..CITY OF LUCENA,4938,2563,2375,4681,2421,2260,4840,2452,2388,4981,2588,2393,5043,2712,2331,5044,2591,2453,5045,2644,2401,4440,2296,2144,4049,2144,1905,4305,2296,2009
MIMAROPA REGION,48530,25081,23449,48170,25113,23057,50122,26092,24030,48888,25505,23383,47655,24879,22776,47150,24496,22654,46462,24121,22341,42759,22158,20601,38371,19917,18454,41158,21338,19820
..MARINDUQUE,4682,2386,2296,4286,2245,2041,4165,2225,1940,3872,2019,1853,3922,2057,1865,3603,1872,1731,3625,1892,1733,3013,1601,1412,2749,1408,1341,2942,1566,1376
..OCCIDENTAL MINDORO,8547,4419,4128,8705,4520,4185,8906,4649,4257,8513,4493,4020,8224,4366,3858,8457,4357,4100,8308,4404,3904,7817,3965,3852,6668,3476,3192,7607,3899,3708
..ORIENTAL MINDORO,14093,7345,6748,13840,7198,6642,14008,7282,6726,13764,7171,6593,13951,7237,6714,13777,7102,6675,13831,7191,6640,11824,6152,5672,10848,5679,5169,12654,6472,6182
..PALAWAN,12177,6294,5883,12329,6428,5901,13440,6997,6443,13350,6979,6371,13041,6787,6254,12681,6628,6053,12371,6422,5949,12076,6228,5848,10996,5667,5329,11058,5800,5258
..ROMBLON,5130,2620,2510,4872,2558,2314,4876,2508,2368,4798,2495,2303,4192,2170,2022,4556,2366,2190,4597,2378,2219,4035,2124,1911,3481,1800,1681,3895,2042,1853
..CITY OF PUERTO PRINCESA,3901,2017,1884,4138,2164,1974,4727,2431,2296,4591,2348,2243,4325,2262,2063,4076,2171,1905,3730,1834,1896,3994,2088,1906,3629,1887,1742,3002,1559,1443
REGION V (BICOL REGION),119727,62471,57256,115772,60631,55141,115210,60250,54960,116092,60145,55947,112512,58563,53949,109223,57115,52108,107802,56160,51642,96627,50240,46387,87464,45604,41860,96962,50605,46357
..ALBAY,27285,14139,13146,26392,13852,12540,25744,13438,12306,25626,13296,12330,24836,13002,11834,24115,12596,11519,24079,12511,11568,21542,11169,10373,19465,10022,9443,20863,10964,9899
..CAMARINES NORTE,12823,6600,6223,12641,6648,5993,13017,6968,6049,13004,6846,6158,12533,6548,5985,12205,6419,5786,12266,6429,5837,11101,5767,5334,10230,5370,4860,11225,5872,5353
..CAMARINES SUR,43620,22917,20703,41681,21753,19928,41023,21362,19661,40203,20750,19453,39368,20466,18902,37729,19748,17981,37063,19345,17718,33320,17357,15963,29995,15734,14261,32899,17056,15843
..CATANDUANES,5684,2981,2703,5502,2829,2673,5271,2748,2523,5776,2947,2829,5567,2882,2685,5180,2707,2473,4980,2590,2390,4305,2223,2082,3962,2025,1937,4247,2194,2053
..MASBATE,14934,7675,7259,14669,7706,6963,15012,7809,7203,15821,8172,7649,15169,7885,7284,15691,8179,7512,15162,7864,7298,13435,6956,6479,11710,6082,5628,14480,7535,6945
..SORSOGON,15381,8159,7222,14887,7843,7044,15143,7925,7218,15662,8134,7528,15039,7780,7259,14303,7466,6837,14252,7421,6831,12924,6768,6156,12102,6371,5731,13248,6984,6264
REGION VI (WESTERN VISAYAS),123987,64526,59461,119231,62174,57057,118788,61622,57166,114774,60179,54595,110367,57593,52774,104976,54525,50451,105225,54790,50435,92452,48399,44053,83363,43662,39701,89901,46938,42963
..AKLAN,10505,5513,4992,10235,5430,4805,10388,5401,4987,9644,5136,4508,9419,4873,4546,9266,4871,4395,9272,4836,4436,8342,4375,3967,7043,3716,3327,7148,3713,3435
..ANTIQUE,9322,4757,4565,9057,4719,4338,9131,4772,4359,8137,4338,3799,7276,3750,3526,7282,3796,3486,7110,3731,3379,6405,3373,3032,5882,3103,2779,6504,3361,3143
..CAPIZ,12232,6330,5902,11947,6137,5810,11968,6166,5802,11738,6063,5675,11057,5768,5289,10627,5536,5091,10650,5518,5132,9438,4944,4494,8870,4641,4229,9394,4908,4486
..GUIMARAS,2913,1462,1451,2835,1499,1336,2686,1382,1304,2587,1362,1225,2745,1443,1302,2751,1409,1342,2740,1452,1288,2535,1317,1218,2355,1213,1142,2339,1246,1093
..ILOILO,32293,16810,15483,30825,16106,14719,30121,15628,14493,29056,15325,13731,28465,14987,13478,26107,13510,12597,27278,14107,13171,24395,12798,11597,22138,11821,10317,23333,12315,11018
..NEGROS OCCIDENTAL,41393,21663,19730,39697,20615,19082,39889,20662,19227,39129,20362,18767,37331,19312,18019,35991,18564,17427,35703,18589,17114,30440,15863,14577,27793,14200,13593,31109,16130,14979
..CITY OF BACOLOD,7810,4110,3700,7302,3846,3456,7834,4075,3759,7603,3977,3626,7079,3737,3342,6514,3444,3070,6347,3318,3029,5433,2886,2547,4666,2470,2196,5096,2626,2470
..CITY OF ILOILO,7519,3881,3638,7333,3822,3511,6771,3536,3235,6880,3616,3264,6995,3723,3272,6438,3395,3043,6125,3239,2886,5464,2843,2621,4616,2498,2118,4978,2639,2339
REGION VII (CENTRAL VISAYAS),150534,78449,72085,152542,79394,73148,148319,77312,71007,145550,76288,69262,144603,75490,69113,138656,72786,65870,140916,73520,67396,128149,66834,61315,111920,58416,53504,119291,62135,57156
..BOHOL,24115,12657,11458,24018,12489,11529,22868,11928,10940,22420,11707,10713,22170,11560,10610,20885,10882,10003,21191,11122,10069,19209,9926,9283,16422,8492,7930,17556,9130,8426
..CEBU,62782,32840,29942,62971,32959,30012,61918,32146,29772,60725,31854,28871,59914,31144,28770,56540,29675,26865,57324,29971,27353,52977,27717,25260,46543,24254,22289,50324,26152,24172
..NEGROS ORIENTAL,22878,11786,11092,23142,12079,11063,23349,12177,11172,23861,12395,11466,23376,12297,11079,22580,11955,10625,23227,11920,11307,21271,11057,10214,19762,10391,9371,20916,11018,9898
..SIQUIJOR,1514,751,763,1457,722,735,1345,679,666,1393,728,665,1392,700,692,1274,665,609,1363,689,674,1307,684,623,1056,523,533,1119,572,547
..CITY OF CEBU,20986,10903,10083,22104,11417,10687,20953,10995,9958,19941,10499,9442,20257,10508,9749,20019,10532,9487,19876,10422,9454,17379,9146,8233,14724,7705,7019,15461,8159,7302
..CITY OF LAPU-LAPU,9899,5168,4731,10179,5239,4940,9812,5163,4649,9508,4954,4554,9811,5198,4613,10019,5239,4780,10360,5411,4949,9326,4826,4500,7889,4156,3733,8163,4183,3980
..CITY OF MANDAUE,8360,4344,4016,8671,4489,4182,8074,4224,3850,7702,4151,3551,7683,4083,3600,7339,3838,3501,7575,3985,3590,6680,3478,3202,5524,2895,2629,5752,2921,2831
REGION VIII (EASTERN VISAYAS),69292,35925,33367,72423,37857,34566,76771,40470,36301,74725,39172,35553,69385,36262,33123,66187,34612,31575,67282,34859,32423,59251,30995,28256,56105,29135,26970,62753,32542,30211
..BILIRAN,2961,1515,1446,2991,1566,1425,3434,1749,1685,3439,1808,1631,3083,1712,1371,2806,1481,1325,2974,1573,1401,2651,1406,1245,2344,1219,1125,2925,1485,1440
..EASTERN SAMAR,6716,3530,3186,7067,3670,3397,7600,3973,3627,7464,3892,3572,6779,3539,3240,6644,3479,3165,6965,3602,3363,6254,3315,2939,6029,3162,2867,6745,3481,3264
..LEYTE,29567,15267,14300,31135,16308,14827,32912,17349,15563,31710,16662,15048,29117,15210,13907,28069,14725,13344,27675,14286,13389,24506,12742,11764,22929,11930,10999,24666,12736,11930
..NORTHERN SAMAR,8273,4252,4021,8575,4540,4035,9608,5038,4570,9697,5072,4625,8958,4675,4283,8176,4248,3928,8500,4446,4054,7667,4026,3641,7211,3734,3477,8407,4413,3994
..SAMAR,11338,5938,5400,12037,6329,5708,12736,6748,5988,12675,6652,6023,11642,6004,5638,11112,5656,5456,11856,6114,5742,9794,5127,4667,9795,5010,4785,12077,6326,5751
..SOUTHERN LEYTE,7010,3654,3356,6544,3379,3165,6331,3428,2903,5929,3116,2813,5843,3052,2791,5474,2944,2530,5323,2802,2521,4826,2488,2338,4418,2309,2109,4604,2391,2213
..CITY OF TACLOBAN,3427,1769,1658,4074,2065,2009,4150,2185,1965,3811,1970,1841,3963,2070,1893,3906,2079,1827,3989,2036,1953,3553,1891,1662,3379,1771,1608,3329,1710,1619
REGION IX (ZAMBOANGA PENINSULA),58106,30143,27963,60729,31960,28769,58109,30281,27828,63556,33192,30364,59169,31063,28106,60950,31872,29078,60502,31372,29130,51866,26856,25010,49684,25814,23870,56407,29150,27257
..ZAMBOANGA DEL NORTE,15490,8087,7403,15939,8375,7564,15786,8277,7509,16626,8722,7904,16461,8616,7845,15641,8140,7501,16292,8448,7844,14309,7301,7008,13614,7045,6569,15629,8057,7572
..ZAMBOANGA DEL SUR,16603,8568,8035,17157,9069,8088,17560,9143,8417,17586,9187,8399,17462,9157,8305,16742,8786,7956,16808,8572,8236,14846,7691,7155,14157,7373,6784,15343,8079,7264
..ZAMBOANGA SIBUGAY,9778,5141,4637,10664,5607,5057,10712,5541,5171,10958,5730,5228,10835,5706,5129,10360,5438,4922,9817,5066,4751,8166,4221,3945,8263,4346,3917,10439,5296,5143
..CITY OF ISABELA,828,428,400,250,130,120,300,158,142,1717,914,803,1652,846,806,1861,1012,849,1443,749,694,1119,629,490,1054,548,506,1271,652,619
..CITY OF ZAMBOANGA,15407,7919,7488,16719,8779,7940,13751,7162,6589,16669,8639,8030,12759,6738,6021,16346,8496,7850,16142,8537,7605,13426,7014,6412,12596,6502,6094,13725,7066,6659
REGION X (NORTHERN MINDANAO),87676,45678,41998,86143,44981,41162,87155,45628,41527,89359,46683,42676,89350,46778,42572,86986,45590,41396,88786,46341,42445,81001,42210,38791,75441,39388,36053,79433,41366,38067
..BUKIDNON,27331,14111,13220,28171,14548,13623,29543,15350,14193,31296,16419,14877,30396,15900,14496,29314,15359,13955,29578,15585,13993,27505,14320,13185,25974,13572,12402,27694,14413,13281
..CAMIGUIN,1913,1006,907,1789,962,827,1664,919,745,1657,879,778,1503,766,737,1444,741,703,1429,723,706,1405,740,665,1121,605,516,1091,524,567
..LANAO DEL NORTE,9677,5038,4639,9585,4907,4678,9537,5039,4498,9766,5025,4741,10390,5487,4903,10047,5264,4783,10488,5419,5069,8926,4615,4311,8522,4357,4165,9120,4794,4326
..MISAMIS OCCIDENTAL,11502,6034,5468,10053,5267,4786,10396,5429,4967,9952,5183,4769,10469,5521,4948,9953,5091,4862,10632,5557,5075,9651,5012,4639,8945,4604,4341,9791,5115,4676
..MISAMIS ORIENTAL,17501,9088,8413,16416,8726,7690,15891,8331,7560,16249,8391,7858,15488,8106,7382,15783,8357,7426,16296,8464,7832,15066,7861,7205,14090,7423,6667,14708,7596,7112
..CITY OF CAGAYAN DE ORO,13574,7134,6440,14133,7432,6701,14390,7572,6818,14507,7695,6812,15000,7795,7205,14471,7610,6861,14229,7413,6816,13128,6826,6302,11750,6169,5581,11850,6190,5660
..CITY OF ILIGAN,6178,3267,2911,5996,3139,2857,5734,2988,2746,5932,3091,2841,6104,3203,2901,5974,3168,2806,6134,3180,2954,5320,2836,2484,5039,2658,2381,5179,2734,2445
REGION XI (DAVAO REGION),82150,42948,39202,86463,45348,41115,90009,47209,42800,90828,47240,43588,87621,45902,41719,86261,44833,41428,85905,44959,40946,77716,40324,37392,69868,36419,33449,75087,39525,35562
..DAVAO DE ORO (COMPOSTELA VALLEY),12675,6710,5965,12963,6704,6259,13400,6968,6432,13782,7240,6542,13064,6774,6290,12748,6640,6108,12524,6514,6010,11534,6032,5502,11410,6028,5382,11897,6255,5642
..DAVAO DEL NORTE,18229,9340,8889,19576,10252,9324,19873,10412,9461,20045,10407,9638,19399,10159,9240,19286,9936,9350,19424,10101,9323,17681,9077,8604,15344,8003,7341,16175,8464,7711
..DAVAO DEL SUR,11284,6004,5280,11193,5871,5322,11624,6275,5349,11638,6044,5594,11238,5919,5319,11169,5834,5335,10812,5736,5076,10213,5307,4906,9508,4962,4546,10118,5345,4773
..DAVAO OCCIDENTAL,2087,1151,936,2290,1193,1097,2401,1216,1185,2796,1476,1320,2818,1504,1314,2237,1162,1075,2533,1317,1216,2068,1118,950,1818,914,904,1973,973,1000
..DAVAO ORIENTAL,7156,3657,3499,7800,4060,3740,8925,4670,4255,9287,4810,4477,8807,4634,4173,8676,4513,4163,8832,4627,4205,8183,4274,3909,7813,4050,3763,8336,4413,3923
..CITY OF DAVAO,30719,16086,14633,32641,17268,15373,33786,17668,16118,33280,17263,16017,32295,16912,15383,32145,16748,15397,31780,16664,15116,28037,14516,13521,23975,12462,11513,26588,14075,12513
REGION XII (SOCCSKSARGEN) 1,78271,40883,37388,73033,38191,34842,74813,39088,35725,75276,39460,35816,74433,39035,35398,73372,38212,35160,75257,39053,36204,69496,36220,33276,66677,34995,31682,70224,36346,33878
..COTABATO 2,30436,15794,14642,24524,12787,11737,25825,13504,12321,25338,13374,11964,25232,13136,12096,24461,12758,11703,24535,12765,11770,22724,11834,10890,22100,11551,10549,23430,12144,11286
..SARANGANI,7259,3776,3483,8335,4304,4031,8197,4250,3947,9050,4688,4362,8978,4754,4224,9166,4812,4354,9150,4758,4392,8335,4335,4000,8147,4334,3813,8963,4651,4312
..SOUTH COTABATO,14498,7681,6817,15064,7867,7197,14544,7669,6875,15050,7962,7088,14758,7684,7074,14865,7742,7123,16187,8373,7814,15536,8134,7402,14747,7671,7076,15067,7831,7236
..SULTAN KUDARAT,11992,6264,5728,11432,5988,5444,11443,5903,5540,11444,5935,5509,11488,6048,5440,11826,6123,5703,12282,6306,5976,11085,5745,5340,11019,5794,5225,12200,6319,5881
..CITY OF GENERAL SANTOS,14086,7368,6718,13678,7245,6433,14804,7762,7042,14394,7501,6893,13977,7413,6564,13054,6777,6277,13103,6851,6252,11816,6172,5644,10664,5645,5019,10564,5401,5163
REGION XIII (Caraga),39254,20472,18782,40335,21007,19328,42304,22040,20264,44135,22941,21194,43444,22669,20775,42848,22255,20593,43567,22544,21023,39174,20472,18702,36108,18874,17234,39986,20865,19121
..AGUSAN DEL NORTE,5539,2871,2668,5646,2962,2684,5922,3052,2870,6066,3143,2923,5656,2913,2743,5622,2931,2691,5520,2823,2697,5075,2671,2404,4840,2529,2311,5365,2782,2583
..AGUSAN DEL SUR,11024,5809,5215,11229,5816,5413,11287,5959,5328,12042,6241,5801,11387,5955,5432,11392,5887,5505,11886,6211,5675,10362,5402,4960,9676,5059,4617,11018,5820,5198
..DINAGAT ISLANDS,1256,621,635,1320,689,631,1386,725,661,1350,712,638,1432,754,678,1366,690,676,1294,664,630,1152,591,561,1005,524,481,1303,677,626
..SURIGAO DEL NORTE,6968,3587,3381,7004,3586,3418,7547,3862,3685,7777,4069,3708,7916,4156,3760,7838,4137,3701,7880,4071,3809,7262,3847,3415,6528,3391,3137,6695,3486,3209
..SURIGAO DEL SUR,8840,4656,4184,9434,4957,4477,10581,5518,5063,11335,5894,5441,11528,5998,5530,11197,5850,5347,11355,5843,5512,10107,5249,4858,9327,4929,4398,10490,5456,5034
..CITY OF BUTUAN,5627,2928,2699,5702,2997,2705,5581,2924,2657,5565,2882,2683,5525,2893,2632,5433,2760,2673,5632,2932,2700,5216,2712,2504,4732,2442,2290,5115,2644,2471
BANGSAMORO AUTONOMOUS REGION IN MUSLIM MINDANAO (BARMM) 3,15716,8187,7529,17869,9328,8541,17450,9165,8285,34710,18153,16557,39421,20677,18744,33992,17836,16156,34894,18124,16770,32097,16663,15434,32495,16839,15656,40035,20886,19149
..BASILAN,741,391,350,569,296,273,255,134,121,1925,991,934,2195,1126,1069,2137,1147,990,2529,1320,1209,2059,999,1060,2386,1265,1121,3141,1641,1500
..LANAO DEL SUR,3308,1700,1608,3393,1776,1617,4765,2495,2270,8763,4629,4134,8579,4511,4068,7859,4159,3700,8127,4260,3867,6273,3243,3030,6821,3599,3222,8888,4666,4222
..MAGUINDANAO 4,9878,5103,4775,12855,6718,6137,12197,6419,5778,18756,9761,8995,21348,11224,10124,18397,9678,8719,17872,9330,8542,18816,9897,8919,19518,10045,9473,22120,11531,10589
..SULU,1464,825,639,162,79,83,101,55,46,3330,1749,1581,4500,2337,2163,3418,1720,1698,3833,1932,1901,3006,1556,1450,2692,1398,1294,4087,2109,1978
..TAWI-TAWI,325,168,157,890,459,431,132,62,70,1936,1023,913,2799,1479,1320,2181,1132,1049,2533,1282,1251,1943,968,975,1078,532,546,1799,939,860
FOREIGN COUNTRY,79,38,41,75,40,35,140,73,67,890,465,425,608,323,285,102,59,43,127,58,69,94,47,47,34,16,18,56,36,20
,,,,,,,,,,,,,,,,,,,,,,,,,,,,,,
Note: Figures are results of actual registration without any adjustment of under registration.* Includes babies born in the Philippines whose mother's usual residence is in a foreign country. 1 Excludes the City of Cotabato 2 Includes the 63 barangays in the province of Cotabato that are now part of the 8 area clusters in BARMM as data by barangay are not available 3 Excludes the 63 barangays from the province of Cotabato that now comprise the 8 area clusters in BARMM 4 Includes the City of Cotabato,,,,,,,,,,,,,,,,,,,,,,,,,,,,,,
,,,,,,,,,,,,,,,,,,,,,,,,,,,,,,
Latest update:,,,,,,,,,,,,,,,,,,,,,,,,,,,,,,
20240628 09:00,,,,,,,,,,,,,,,,,,,,,,,,,,,,,,
,,,,,,,,,,,,,,,,,,,,,,,,,,,,,,
Source:,,,,,,,,,,,,,,,,,,,,,,,,,,,,,,
"Philippine Statistics Authority, Civil Registration Service",,,,,,,,,,,,,,,,,,,,,,,,,,,,,,
,,,,,,,,,,,,,,,,,,,,,,,,,,,,,,
Contact:,,,,,,,,,,,,,,,,,,,,,,,,,,,,,,
Vital Statistics Division (VSD),,,,,,,,,,,,,,,,,,,,,,,,,,,,,,
Phiilippine Statistics Authority (PSA),,,,,,,,,,,,,,,,,,,,,,,,,,,,,,
8th Floor CRS Bldg East Ave. Quezon City ,,,,,,,,,,,,,,,,,,,,,,,,,,,,,,
Tel:8461-0500 loc 820,,,,,,,,,,,,,,,,,,,,,,,,,,,,,,
vsd.staff@psa.gov.ph,,,,,,,,,,,,,,,,,,,,,,,,,,,,,,
,,,,,,,,,,,,,,,,,,,,,,,,,,,,,,
,,,,,,,,,,,,,,,,,,,,,,,,,,,,,,
Units:,,,,,,,,,,,,,,,,,,,,,,,,,,,,,,
Counts,,,,,,,,,,,,,,,,,,,,,,,,,,,,,,
,,,,,,,,,,,,,,,,,,,,,,,,,,,,,,
,,,,,,,,,,,,,,,,,,,,,,,,,,,,,,
,,,,,,,,,,,,,,,,,,,,,,,,,,,,,,
,,,,,,,,,,,,,,,,,,,,,,,,,,,,,,
,,,,,,,,,,,,,,,,,,,,,,,,,,,,,,
,,,,,,,,,,,,,,,,,,,,,,,,,,,,,,
,,,,,,,,,,,,,,,,,,,,,,,,,,,,,,
,,,,,,,,,,,,,,,,,,,,,,,,,,,,,,
,,,,,,,,,,,,,,,,,,,,,,,,,,,,,,
Internal reference code:,,,,,,,,,,,,,,,,,,,,,,,,,,,,,,
1A1BBIR0,,,,,,,,,,,,,,,,,,,,,,,,,,,,,,
